340101011,3401,合肥市大铺头营业所
340101012,3401,合肥市王大郢营业所
340101015,3401,合肥市银菱营业所
340101016,3401,合肥市四川路营业所
340101017,3401,合肥市安庆路营业所
340101018,3401,合肥市太湖东路营业所
340101021,3401,合肥市华府骏苑营业所
340101023,3401,合肥市黄山路营业所
340101024,3401,合肥市青阳北路营业所
340101025,3401,合肥市亳州路营业所
340101028,3401,合肥市海恒营业所
340101029,3401,合肥市三里街营业所
340101031,3401,合肥市华源营业所
340101032,3401,合肥市东七营业所
340101034,3401,合肥市金寨南路营业所
340101036,3401,合肥市潜山路营业所
340101037,3401,合肥市莲花营业所
340101038,3401,合肥市郎溪路营业所
340101039,3401,合肥市琥珀山庄营业所
340101040,3401,合肥市淝河营业所
340101042,3401,合肥市望江西路营业所
340101043,3401,合肥市晓星营业所
340101044,3401,合肥市安农大营业所
340101045,3401,合肥市康园营业所
340101047,3401,合肥市轻机厂营业所
340101049,3401,合肥市望江东路营业所
340101050,3401,合肥市包河苑营业所
340101051,3401,合肥市化三院营业所
340101052,3401,合肥市西园新村支行
340101053,3401,合肥市长淮营业所
340101054,3401,合肥市站西路营业所
340101057,3401,合肥市东流路营业所
340101059,3401,合肥市合作化北路营业所
340101061,3401,合肥市东陈岗营业所
340101062,3401,合肥市花冲营业所
340101064,3401,合肥市锦绣营业所
340101065,3401,合肥市西藏路营业所
340101066,3401,合肥市炮院营业所
340101067,3401,合肥市马鞍山路营业所
340121001,3401,长丰县长寿路营业所
340121003,3401,长丰县杜集营业所
340121004,3401,长丰县朱巷镇营业所
340121005,3401,长丰县下塘镇营业所
340121007,3401,长丰县三十头镇营业所
340121008,3401,长丰县岗集镇营业所
340121009,3401,长丰县吴山镇营业所
340121010,3401,长丰县杨庙镇营业所
340121011,3401,长丰县庄墓镇营业所
340121017,3401,长丰县义井营业所
340121018,3401,长丰县双凤营业所
340121020,3401,长丰县造甲营业所
340122001,3401,肥东县青春营业所
340122002,3401,肥东县花园营业所
340122003,3401,肥东县西山驿镇营业所
340122004,3401,肥东县元疃镇营业所
340122005,3401,肥东县阚集营业所
340122006,3401,肥东县龙塘营业所
340122007,3401,肥东县长乐乡营业所
340122008,3401,肥东县金泰营业所
340122009,3401,肥东县长江大市场营业所
340122011,3401,肥东县长临河镇营业所
340122012,3401,肥东县石塘镇营业所
340122013,3401,肥东县八斗镇营业所
340122014,3401,肥东县梁园镇营业所
340122015,3401,肥东县古城镇营业所
340122016,3401,肥东县桥头集镇营业所
340122017,3401,肥东县白龙镇营业所
340122018,3401,肥东县马岗营业所
340122019,3401,肥东县六家畈营业所
340122020,3401,肥东县店东营业所
340122021,3401,肥东县包公桥营业所
340123001,3401,肥西县巢湖南路营业所
340123005,3401,肥西县官亭镇营业所
340123006,3401,肥西县花岗镇营业所
340123007,3401,肥西县高刘镇营业所
340123008,3401,肥西县山南镇营业所
340123010,3401,肥西县丰乐镇支行
340123011,3401,肥西县小庙镇营业所
340123013,3401,肥西县严店乡营业所
340123014,3401,肥西县长岗乡营业所
340123015,3401,肥西县南岗营业所
340123016,3401,肥西县巢湖北路营业所
340123018,3401,肥西县城关巢湖路营业所
340123019,3401,肥西县普贤路营业所
340124001,3401,庐江县城西营业所
340124002,3401,庐江县邮政大楼营业所
340124003,3401,庐江县城南营业所
340124004,3401,庐江县泥河镇营业所
340124005,3401,庐江县柯坦镇营业所
340124006,3401,庐江县盛桥镇营业所
340124008,3401,庐江县乐桥镇营业所
340124009,3401,庐江县罗河镇营业所
340124010,3401,庐江县白湖镇营业所
340124011,3401,庐江县长岗营业所
340124012,3401,庐江县矾山镇营业所
340124013,3401,庐江县缺口营业所
340124014,3401,庐江县石头镇营业所
340124015,3401,庐江县裴岗营业所
340124016,3401,庐江县白山镇营业所
340124017,3401,庐江县金牛镇营业所
340124018,3401,庐江县汤池镇营业所
340124019,3401,庐江县沙溪营业所
340124020,3401,庐江县冶山镇营业所
340124021,3401,庐江县罗埠营业所
340124022,3401,庐江县黄屯营业所
340124023,3401,庐江县同大镇营业所
340124024,3401,庐江县大化营业所
340124025,3401,庐江县大厦新村营业所
340181003,3401,巢湖市人民路营业所
340181004,3401,巢湖市凤凰山营业所
340181005,3401,巢湖市东风西路营业所
340181006,3401,巢湖市半汤镇营业所
340181007,3401,巢湖市巢柘路营业所
340181008,3401,巢湖市灯塔营业所
340181009,3401,巢湖市健康东路营业所
340181010,3401,巢湖市坝镇营业所
340181011,3401,巢湖市槐林镇营业所
340181012,3401,巢湖市散兵镇营业所
340181013,3401,巢湖市银屏镇营业所
340181016,3401,巢湖市忠庙营业所
340181017,3401,巢湖市中垾镇营业所
340181018,3401,巢湖市夏阁镇营业所
340181020,3401,巢湖市苏湾镇支行
340181021,3401,巢湖市烔炀北门营业所
340181022,3401,巢湖市司集支行
340181023,3401,巢湖市栏杆镇营业所
340181024,3401,巢湖市官圩路营业所
340181025,3401,巢湖市东塘路营业所
340181026,3401,巢湖市大市场营业所
340201002,3402,芜湖市九华山营业所
340201004,3402,芜湖市新芜路营业所
340201005,3402,芜湖市四褐山营业所
340201006,3402,芜湖市裕溪口营业所
340201010,3402,芜湖市融汇锦江营业所
340201011,3402,芜湖市绿地营业所
340201013,3402,芜湖市团结东路营业所
340201015,3402,芜湖市中央城营业所
340201016,3402,芜湖市南瑞营业所
340201017,3402,芜湖市伟星城营业所
340201018,3402,芜湖市绿影营业所
340201019,3402,芜湖市康复路营业所
340201020,3402,芜湖市弋江嘉园营业所
340201021,3402,芜湖市解放东路营业所
340201022,3402,芜湖市西洋里营业所
340201023,3402,芜湖市枣园营业所
340201024,3402,芜湖市利民路营业所
340201026,3402,芜湖市左岸营业所
340201027,3402,芜湖市月牙路营业所
340201028,3402,芜湖市王家巷营业所
340201032,3402,芜湖市北京路营业所
340201034,3402,芜湖市弋江桥营业所
340201035,3402,芜湖市方村营业所
340201037,3402,芜湖市保定营业所
340201038,3402,芜湖市新淮营业所
340201039,3402,芜湖市峨桥营业所
340201040,3402,芜湖市中沟营业所
340201041,3402,芜湖市小洲营业所
340201042,3402,芜湖市清水营业所
340201043,3402,芜湖市火龙岗营业所
340201044,3402,芜湖市荆山营业所
340201045,3402,芜湖市白马山营业所
340201047,3402,芜湖市鲁港营业所
340201048,3402,芜湖市开发区营业所
340201049,3402,芜湖市开发区营业所
340201052,3402,芜湖市万春营业所
340201053,3402,芜湖市方村营业所
340201054,3402,芜湖市沈巷镇营业所
340201055,3402,芜湖市五显营业所
340221002,3402,芜湖县殷港营业所
340221003,3402,芜湖县沚津路营业所
340221004,3402,芜湖县开发区营业所
340221007,3402,芜湖县三元营业所
340221010,3402,芜湖县红杨营业所
340221012,3402,芜湖县西河营业所
340221013,3402,芜湖县陶辛镇营业所
340222002,3402,繁昌县西门桥营业所
340222003,3402,繁昌县城南营业所
340222005,3402,繁昌县荻港镇营业所
340222007,3402,繁昌县新港营业所
340222009,3402,繁昌县赤沙营业所
340222010,3402,繁昌县横山镇营业所
340222011,3402,繁昌县高安营业所
340222012,3402,繁昌县黄浒营业所
340222016,3402,繁昌县马坝营业所
340222017,3402,繁昌县平甫营业所
340222022,3402,繁昌县春谷营业所
340223002,3402,南陵县籍山路营业所
340223003,3402,南陵县东门营业所
340223004,3402,南陵县文庙路营业所
340223005,3402,南陵县弋江镇营业所
340223006,3402,南陵县何湾镇营业所
340223008,3402,南陵县峨岭营业所
340223009,3402,南陵县三里营业所
340223010,3402,南陵县代镇营业所
340223011,3402,南陵县烟墩营业所
340223012,3402,南陵县奚滩营业所
340223013,3402,南陵县蒲桥营业所
340223014,3402,南陵县工山镇营业所
340223017,3402,南陵县家发镇营业所
340223018,3402,南陵县葛林营业所
340225001,3402,无为县十字街营业所
340225002,3402,无为县北门营业所
340225004,3402,无为县汤沟镇营业所
340225006,3402,无为县石涧镇营业所
340225007,3402,无为县蜀山镇营业所
340225008,3402,无为县江坝营业所
340225009,3402,无为县无中营业所
340225010,3402,无为县牛埠镇营业所
340225011,3402,无为县开城镇营业所
340225012,3402,无为县泉塘镇营业所
340225013,3402,无为县土桥营业所
340225014,3402,无为县襄安镇营业所
340225015,3402,芜湖市二坝镇营业所
340225016,3402,无为县陡沟镇营业所
340225017,3402,无为县凤河路营业所
340225018,3402,无为县姚沟镇营业所
340225019,3402,无为县严桥镇营业所
340225020,3402,无为县江坝镇西营业所
340225021,3402,无为县黄雒营业所
340225022,3402,无为县泥汊镇营业所
340301002,3403,蚌埠市胜利东路营业所
340301003,3403,蚌埠市南岗营业所
340301004,3403,蚌埠市东岗邮政储蓄营业所
340301007,3403,蚌埠市荆山路营业所
340301008,3403,蚌埠市爱国营业所
340301009,3403,蚌埠市天桥营业所
340301010,3403,蚌埠市解放路邮政储蓄营业所
340301011,3403,蚌埠市延安路邮政储蓄营业所
340301013,3403,蚌埠市雪华路邮政储蓄营业所
340301014,3403,蚌埠市前进路营业所
340301015,3403,蚌埠市李楼营业所
340301016,3403,蚌埠市迎湖路营业所
340301017,3403,蚌埠市大庆营业所
340301018,3403,蚌埠市秦集营业所
340301019,3403,蚌埠市陶山路营业所
340301020,3403,蚌埠市长征路营业所
340301021,3403,蚌埠市张公山营业所
340301022,3403,蚌埠市淮光营业所
340301024,3403,蚌埠市光彩营业所
340301025,3403,蚌埠市梅桥乡营业所
340301026,3403,蚌埠市曹老集营业所
340321002,3403,怀远县南大街营业所
340321003,3403,怀远县马城营业所
340321004,3403,怀远县姚山营业所
340321005,3403,怀远县双桥营业所
340321006,3403,怀远县唐集营业所
340321007,3403,怀远县项桥营业所
340321008,3403,怀远县河溜营业所
340321009,3403,怀远县常坟营业所
340321010,3403,怀远县包集营业所
340321011,3403,怀远县万福镇营业所
340321012,3403,怀远县新集营业所
340321013,3403,怀远县龙亢营业所
340321014,3403,怀远县刘集营业所
340321015,3403,怀远县褚集营业所
340321016,3403,怀远县淝南营业所
340321018,3403,怀远县孝仪营业所
340321019,3403,怀远县找郢营业所
340321020,3403,怀远县城西营业所
340321021,3403,怀远县朱疃营业所
340321023,3403,怀远古城营业所
340321024,3403,怀远县文昌街营业所
340321025,3403,怀远县新城区营业所
340322001,3403,五河县淮河路营业所
340322002,3403,五河县沫河口镇营业所
340322003,3403,五河县三铺营业所
340322004,3403,五河县大新镇营业所
340322005,3403,五河县浍南营业所
340322006,3403,五河县新集镇营业所
340322007,3403,五河县头铺营业所
340322008,3403,五河县东刘集镇营业所
340322010,3403,五河县申集镇营业所
340322011,3403,五河县双庙营业所
340322012,3403,五河县武桥营业所
340322013,3403,五河县中兴路营业所
340322015,3403,五河县青年路营业所
340322016,3403,五河县国防路营业所
340322017,3403,五河县小溪营业所
340322021,3403,五河县朱顶镇营业所
340323001,3403,固镇县胜利路营业所
340323002,3403,固镇县垓下路营业所
340323003,3403,固镇县任桥营业所
340323006,3403,固镇县刘集镇营业所
340323007,3403,固镇县湖沟镇营业所
340323008,3403,固镇县王庄营业所
340323009,3403,固镇县连站营业所
340323010,3403,固镇县濠城镇营业所
340323011,3403,固镇县石湖营业所
340323012,3403,固镇县杨庙营业所
340323013,3403,固镇县新马桥干校营业所
340323014,3403,固镇县宋店营业所
340323015,3403,固镇县董庙营业所
340323016,3403,固镇县何集营业所
340323017,3403,固镇县磨盘张营业所
340323018,3403,固镇县瓦疃营业所
340323019,3403,固镇县仲兴营业所
340323020,3403,固镇县城东营业所
340323021,3403,固镇县唐南营业所
340323022,3403,固镇县大营路营业所
340323023,3403,固镇县黄元路营业所
340323024,3403,固镇县东郊营业所
340401002,3404,淮南市舜耕营业所
340401004,3404,淮南市龙湖路营业所
340401005,3404,淮南市朝阳东路营业所
340401006,3404,淮南市东苑营业所
340401007,3404,淮南市朝阳路营业所
340401009,3404,淮南市田电厂路营业所
340401010,3404,淮南市淮河新城营业所
340401011,3404,淮南市洞山中路营业所
340401012,3404,淮南市领城营业所
340401013,3404,淮南市东风营业所
340401014,3404,淮南市居仁新村营业所
340401015,3404,淮南市淮舜南路营业所
340401016,3404,淮南市纺织厂营业所
340401017,3404,淮南市洛河镇营业所
340401018,3404,淮南市大通营业所
340401019,3404,淮南市龙眼营业所
340401020,3404,淮南市南门口营业所
340401021,3404,淮南市泉山营业所
340401022,3404,淮南市南苑营业所
340401026,3404,淮南市会战路营业所
340401028,3404,淮南市淮望村营业所
340401029,3404,淮南市十涧湖营业所
340401031,3404,淮南市矿机路营业所
340401032,3404,淮南市芳草园营业所
340401033,3404,淮南市李郢孜营业所
340401035,3404,淮南市毕家岗营业所
340401036,3404,淮南市山王营业所
340401038,3404,淮南市丁山营业所
340401040,3404,淮南市白云营业所
340401041,3404,淮南市高皇营业所
340401042,3404,淮南市潘三营业所
340401043,3404,淮南市新街营业所
340401047,3404,淮南市曹庵营业所
340401048,3404,淮南市朱集营业所
340401049,3404,淮南市杨公镇营业所
340401051,3404,淮南市三和营业所
340401052,3404,淮南市洞山新村营业所
340401053,3404,淮南市新社营业所
340421002,3404,凤台县大山营业所
340421003,3404,凤台县顾桥营业所
340421004,3404,凤台县桂集营业所
340421005,3404,凤台县马店营业所
340421006,3404,淮南市毛集营业所
340421007,3404,凤台县大兴营业所
340421008,3404,淮南市夏集营业所
340421009,3404,凤台县丁集营业所
340421010,3404,凤台县钱庙营业所
340421012,3404,凤台县尚塘营业所
340421013,3404,凤台县淮滨路营业所
340421014,3404,凤台县中山路营业所
340421015,3404,凤台县古店营业所
340421016,3404,凤台县政务区营业所
340421017,3404,凤台县新集镇营业所
340421019,3404,凤台县杨村营业所
340422101,3415,寿县南郊营业所
340422102,3415,寿县南关营业所
340422103,3415,寿县小甸镇营业所
340422105,3415,寿县炎刘镇营业所
340422106,3415,寿县保义营业所
340422107,3415,寿县双庙集镇营业所
340422108,3415,寿县大顺镇营业所
340422109,3415,寿县北街营业所
340422110,3415,寿县棋盘街营业所
340422111,3415,寿县瓦埠镇营业所
340422112,3415,寿县双桥营业所
340422113,3415,寿县刘岗镇营业所
340422114,3415,寿县正阳营业所
340422115,3415,寿县建设营业所
340422117,3415,寿县板桥营业所
340422118,3415,寿县堰口营业所
340422119,3415,寿县戈店营业所
340422120,3415,寿县安丰营业所
340422121,3415,寿县隐贤营业所
340422122,3415,寿县安丰镇商品街营业所
340422123,3415,寿县杨仙营业所
340422125,3415,寿县闫店营业所
340422126,3415,寿县三觉营业所
340422127,3415,寿县茶庵镇营业所
340422128,3415,寿县迎河营业所
340422129,3415,寿县箭道巷营业所
340501001,3405,马鞍山市金汇营业所
340501003,3405,马鞍山市军民路营业所
340501004,3405,马鞍山市健康路营业所
340501006,3405,马鞍山市西湖花园营业所
340501007,3405,马鞍山市邮政大厦营业所
340501008,3405,马鞍山市火车站营业所
340501009,3405,马鞍山市东苑营业所
340501010,3405,马鞍山市西园路营业所
340501012,3405,马鞍山市秀山营业所
340501013,3405,马鞍山市采秣路营业所
340501014,3405,马鞍山市菊园路营业所
340501015,3405,马鞍山市湖南路营业所
340501016,3405,马鞍山市康乐路营业所
340501017,3405,马鞍山市大钟楼营业所
340501019,3405,马鞍山市红旗南路营业所
340501020,3405,马鞍山市塘岔营业所
340501021,3405,马鞍山市杨家山营业所
340501023,3405,马鞍山市向山营业所
340501025,3405,马鞍山市采石营业所
340501029,3405,马鞍山市银塘营业所
340501030,3405,马鞍山市商业街营业所
340521001,3405,当涂县亭头营业所
340521003,3405,当涂县查湾营业所
340521004,3405,马鞍山市新博营业所
340521006,3405,当涂县黄池镇营业所
340521010,3405,当涂县石桥镇营业所
340521011,3405,当涂县太白镇营业所
340521012,3405,当涂县南寺东路营业所
340521013,3405,当涂县西街营业所
340521014,3405,马鞍山市新市镇营业所
340521017,3405,当涂县年陡营业所
340521019,3405,当涂县湖阳乡营业所
340521020,3405,当涂县振兴路营业所
340521021,3405,马鞍山市博望新街营业所
340521022,3405,马鞍山市丹阳镇营业所
340521023,3405,当涂县乌溪镇营业所
340521024,3405,当涂县塘南镇营业所
340521025,3405,当涂县大陇乡营业所
340522001,3405,含山县南门营业所
340522003,3405,含山县林头镇营业所
340522004,3405,含山县东关营业所
340522006,3405,含山县运漕镇营业所
340522007,3405,含山县清溪镇营业所
340522008,3405,含山县仙踪镇营业所
340522009,3405,含山县铜闸镇营业所
340522010,3405,含山县杨山营业所
340522011,3405,含山县东门营业所
340522013,3405,含山县东关街营业所
340522015,3405,含山县昭关镇营业所
340523001,3405,和县富康路营业所
340523002,3405,和县南门营业所
340523004,3405,和县西梁山营业所
340523005,3405,和县新桥镇营业所
340523006,3405,和县西埠镇营业所
340523007,3405,和县石杨镇营业所
340523008,3405,和县乌江镇营业所
340523009,3405,和县善厚镇营业所
340523010,3405,和县香泉镇营业所
340523012,3405,和县白桥镇营业所
340523013,3405,和县南义营业所
340601002,3406,淮北市翠峰路营业所
340601003,3406,淮北市海宫营业所
340601005,3406,淮北市惠黎东路营业所
340601006,3406,淮北市古城东路营业所
340601007,3406,淮北市钟楼营业所
340601008,3406,淮北市相山南路营业所
340601009,3406,淮北市南黎路营业所
340601010,3406,淮北市洪山路营业所
340601011,3406,淮北市石台营业所
340601013,3406,淮北市杨庄营业所
340601016,3406,淮北市濉溪路营业所
340601017,3406,淮北市渠沟营业所
340601018,3406,淮北市高岳镇营业所
340601019,3406,淮北市岱河营业所
340601020,3406,淮北市东黎营业所
340601021,3406,淮北市矿山集镇营业所
340601022,3406,淮北市朱庄营业所
340601023,3406,淮北市朔西营业所
340601024,3406,淮北市朔里营业所
340601026,3406,淮北市袁庄营业所
340601027,3406,淮北市段园镇营业所
340601028,3406,淮北市纵楼营业所
340601030,3406,淮北市土楼营业所
340601031,3406,淮北市蔡里营业所
340601032,3406,淮北市烈山营业所
340601033,3406,淮北市赵集营业所
340601036,3406,淮北市古饶镇营业所
340621002,3406,濉溪县龙河营业所
340621003,3406,濉溪县虎山路营业所
340621005,3406,濉溪县刘桥镇营业所
340621006,3406,濉溪县百善镇营业所
340621007,3406,濉溪县临涣镇营业所
340621009,3406,淮北市古饶镇支行
340621010,3406,濉溪县百善矿营业所
340621012,3406,濉溪县祁集营业所
340621013,3406,濉溪县韩村镇营业所
340621014,3406,濉溪县四铺营业所
340621015,3406,濉溪县孙町镇营业所
340621016,3406,濉溪县南坪镇营业所
340621017,3406,濉溪县烈山路营业所
340621018,3406,濉溪县铁佛镇营业所
340621019,3406,濉溪县双堆镇营业所
340621020,3406,濉溪县溪河路营业所
340621021,3406,濉溪县杨柳营业所
340621023,3406,濉溪县任集营业所
340621031,3406,濉溪县五沟镇营业所
340621034,3406,濉溪县岳集营业所
340701004,3407,铜陵市义安路营业所
340701005,3407,铜陵市长江东村营业所
340701007,3407,铜陵市解放路营业所
340701008,3407,铜陵市横港营业所
340701009,3407,铜陵市幸福村营业所
340701010,3407,铜陵市凤凰山营业所
340701011,3407,铜陵市泰山大道营业所
340701012,3407,铜陵市杨家山营业所
340701013,3407,铜陵市火车站营业所
340701014,3407,铜陵市西郊营业所
340701015,3407,铜陵市立新营业所
340701017,3407,铜陵市发电厂营业所
340701018,3407,铜陵市机厂营业所
340701019,3407,铜陵市大市场营业所
340701020,3407,铜陵市翠湖路营业所
340701021,3407,铜陵市爱西营业所
340701022,3407,铜陵市淮河北路营业所
340701023,3407,铜陵市朝山营业所
340701025,3407,铜陵市普济圩营业所
340701028,3407,铜陵市铜庄营业所
340701035,3407,铜陵市富览苑营业所
340701036,3407,铜陵市西联营业所
340701037,3407,铜陵市胥坝营业所
340701038,3407,铜陵市大通镇营业所
340701039,3407,铜陵市钟仓营业所
340701040,3407,铜陵市七零一营业所
340701041,3407,铜陵市朱村营业所
340701042,3407,铜陵市钟鸣营业所
340701043,3407,铜陵市新桥营业所
340701044,3407,铜陵市天门营业所
340701045,3407,铜陵市二冶营业所
340701046,3407,铜陵市东联营业所
340701047,3407,铜陵市城南营业所
340701048,3407,铜陵市金榔营业所
340722102,3408,枞阳县正大街营业所
340722103,3408,枞阳县城关第三营业所
340722104,3408,枞阳县下枞阳营业所
340722105,3408,枞阳县左岗营业所
340722106,3408,枞阳县周潭镇营业所
340722107,3408,枞阳县汤沟镇营业所
340722108,3408,枞阳县老洲镇营业所
340722109,3408,枞阳县其林镇营业所
340722110,3408,枞阳县义津镇营业所
340722111,3408,枞阳县钱桥镇营业所
340722112,3408,枞阳县会宫乡营业所
340722113,3408,枞阳县官桥镇营业所
340722114,3408,枞阳县项铺镇营业所
340722115,3408,枞阳县OU山镇营业所
340722116,3408,枞阳县石矶营业所
340722118,3408,枞阳县桂坝营业所
340722119,3408,枞阳县白湖乡营业所
340722121,3408,枞阳县陈瑶湖镇营业所
340722122,3408,枞阳县雨坛营业所
340722123,3408,枞阳县浮山镇营业所
340722124,3408,枞阳县孙畈营业所
340722125,3408,枞阳县方仓营业所
340722126,3408,枞阳县金山路营业所
340801003,3408,安庆市纺织南路营业所
340801004,3408,安庆市玉琳路营业所
340801005,3408,安庆市市府路营业所
340801006,3408,安庆市雷池路营业所
340801007,3408,安庆市长风营业所
340801012,3408,安庆市孝肃路营业所
340801013,3408,安庆市四方城营业所
340801015,3408,安庆市白泽乡营业所
340801016,3408,安庆市人民东路营业所
340801017,3408,安庆市柏子桥营业所
340801018,3408,安庆市皖江大道营业所
340801019,3408,安庆市杨桥镇营业所
340801020,3408,安庆市双河营业所
340801021,3408,安庆市华中东路营业所
340801022,3408,安庆市十里营业所
340801023,3408,安庆市回祥小区营业所
340801024,3408,安庆市湖心路营业所
340801025,3408,安庆市七街营业所
340801032,3408,安庆市大龙山营业所
340801033,3408,安庆市海口镇营业所
340801034,3408,安庆市光彩营业所
340822002,3408,怀宁县黄龙镇营业所
340822003,3408,怀宁县新安营业所
340822004,3408,怀宁县黄墩营业所
340822005,3408,怀宁县三桥镇营业所
340822006,3408,怀宁县江镇营业所
340822007,3408,怀宁县金拱镇营业所
340822008,3408,怀宁县马庙镇营业所
340822009,3408,怀宁县洪铺镇营业所
340822010,3408,怀宁县月山镇营业所
340822013,3408,怀宁县电信大楼营业所
340822014,3408,怀宁县小市镇营业所
340822015,3408,怀宁县茶岭营业所
340822016,3408,怀宁县清河营业所
340822018,3408,怀宁县大洼营业所
340822019,3408,怀宁县石镜营业所
340822020,3408,怀宁县三祝营业所
340822022,3408,怀宁县平山镇营业所
340822023,3408,怀宁县腊树镇营业所
340822025,3408,怀宁县高河镇营业所
340822026,3408,怀宁县稼仙路营业所
340822028,3408,怀宁县独秀大道营业所
340822031,3408,怀宁县雷埠乡营业所
340824002,3408,潜山县潜阳营业所
340824003,3408,潜山县油坝乡营业所
340824004,3408,潜山县黄铺镇营业所
340824005,3408,潜山县王河镇营业所
340824006,3408,潜山县舒州路营业所
340824007,3408,潜山县痘姆营业所
340824008,3408,潜山县水吼镇营业所
340824010,3408,潜山县天柱山营业所
340824011,3408,潜山县余井镇营业所
340824013,3408,潜山县黄泥镇营业所
340824014,3408,潜山县槎水镇营业所
340824015,3408,潜山县城西营业所
340824016,3408,潜山县塔畈乡营业所
340824017,3408,潜山县黄柏镇营业所
340824018,3408,潜山县双峰营业所
340824019,3408,潜山县棋盘营业所
340824020,3408,潜山县舒苑营业所
340824021,3408,潜山县官庄营业所
340825001,3408,太湖县江塘乡营业所
340825002,3408,太湖县寺前镇营业所
340825003,3408,太湖县黄镇营业所
340825004,3408,太湖县弥陀镇营业所
340825005,3408,太湖县北中镇营业所
340825006,3408,太湖县牛镇镇营业所
340825007,3408,太湖县刘羊营业所
340825008,3408,太湖县刘畈营业所
340825009,3408,太湖县百里镇营业所
340825010,3408,太湖县富强路营业所
340825012,3408,太湖县老城营业所
340825013,3408,太湖县东山头营业所
340825014,3408,太湖县徐桥镇营业所
340825016,3408,太湖县小池镇营业所
340825017,3408,太湖县大石营业所
340826002,3408,宿松县破凉镇营业所
340826003,3408,宿松县凉亭镇营业所
340826004,3408,宿松县二郎镇营业所
340826005,3408,宿松县陈汉营业所
340826006,3408,宿松县佐坝乡营业所
340826007,3408,宿松县汇口镇营业所
340826008,3408,宿松县工贸区营业所
340826009,3408,宿松县皖蜀春营业所
340826010,3408,宿松县坝头营业所
340826011,3408,宿松县下仓镇营业所
340826012,3408,宿松县皖西南营业所
340826013,3408,宿松县套口营业所
340826014,3408,宿松县长铺镇营业所
340826017,3408,宿松县九姑乡营业所
340826018,3408,宿松县程营营业所
340826019,3408,宿松县许岭镇营业所
340826020,3408,宿松县洲头乡营业所
340826021,3408,宿松县高岭营业所
340826022,3408,宿松县河塌营业所
340827001,3408,望江县青草湖营业所
340827002,3408,望江县漳湖镇营业所
340827003,3408,望江县赛口镇营业所
340827004,3408,望江县高士镇营业所
340827006,3408,望江县凉泉乡营业所
340827007,3408,望江县鸦滩镇营业所
340827008,3408,望江县回龙营业所
340827009,3408,望江县华阳镇营业所
340827010,3408,望江县九成营业所
340827011,3408,望江县长岭镇营业所
340827013,3408,望江县太慈镇营业所
340827014,3408,望江县城西营业所
340827015,3408,望江县雷池乡营业所
340827016,3408,望江县莲洲乡营业所
340827017,3408,望江县城东营业所
340827019,3408,望江县新坝营业所
340827020,3408,望江县杨林营业所
340827021,3408,望江县沈冲营业所
340827022,3408,望江县曾墩营业所
340827023,3408,望江县麦元营业所
340828001,3408,岳西县城西营业所
340828003,3408,岳西县店前镇营业所
340828004,3408,岳西县来榜镇营业所
340828005,3408,岳西县响肠镇营业所
340828006,3408,岳西县中关营业所
340828007,3408,岳西县河图镇营业所
340828008,3408,岳西县冶溪镇营业所
340828009,3408,岳西县菖蒲镇营业所
340828010,3408,岳西县头陀镇营业所
340828011,3408,岳西县南园营业所
340881001,3408,桐城市大关镇营业所
340881002,3408,桐城市龙眠西路营业所
340881003,3408,桐城市范岗镇营业所
340881004,3408,桐城市高桥营业所
340881005,3408,桐城市挂镇街营业所
340881007,3408,桐城市金神镇营业所
340881008,3408,桐城市孔城镇营业所
340881009,3408,桐城市老梅营业所
340881010,3408,桐城市吕亭镇营业所
340881012,3408,桐城市南演营业所
340881013,3408,桐城市青草镇营业所
340881014,3408,桐城市卅铺营业所
340881015,3408,桐城市双港镇营业所
340881016,3408,桐城市太平营业所
340881017,3408,桐城市陶冲营业所
340881018,3408,桐城市文昌营业所
340881019,3408,桐城市嬉子湖镇营业所
340881020,3408,桐城市香铺营业所
340881022,3408,桐城市兴店营业所
341001003,3410,黄山市水心亭营业所
341001004,3410,黄山市阳湖营业所
341001005,3410,黄山市隆阜营业所
341001006,3410,黄山市长跃营业所
341001007,3410,黄山市社屋前营业所
341001010,3410,黄山市寨西营业所
341001011,3410,黄山市汤口营业所
341001012,3410,黄山市永佳大道支行
341001014,3410,黄山市徽州区潜口镇营业所
341001015,3410,黄山市徽山路营业所
341003004,3410,黄山区谭家桥镇营业所
341003006,3410,黄山区乌石营业所
341003007,3410,黄山市新华乡营业所
341003008,3410,黄山区三口镇营业所
341003009,3410,黄山区新明营业所
341003011,3410,黄山区和平营业所
341003012,3410,黄山区广阳营业所
341003013,3410,黄山区龙门营业所
341003014,3410,黄山区郭村营业所
341003015,3410,黄山市新丰乡营业所
341003016,3410,黄山区永丰乡营业所
341003017,3410,黄山区仙源镇营业所
341003018,3410,黄山市太平路营业所
341003019,3410,黄山市龙井路营业所
341003020,3410,黄山区耿城镇营业所
341003022,3410,黄山市寨西营业所
341003023,3410,黄山市汤口营业所
341021001,3410,歙县人民路营业所
341021003,3410,歙县王村镇营业所
341021004,3410,歙县溪头镇营业所
341021005,3410,歙县许村镇营业所
341021006,3410,歙县街口营业所
341021007,3410,歙县岔口镇营业所
341021008,3410,歙县深渡镇营业所
341021009,3410,歙县北岸镇营业所
341021010,3410,歙县杞梓里镇营业所
341021011,3410,歙县三阳乡营业所
341021012,3410,歙县霞坑镇营业所
341021013,3410,歙县武阳营业所
341021014,3410,歙县昌溪营业所
341021015,3410,歙县东门营业所
341021016,3410,歙县唐里营业所
341021017,3410,歙县北街营业所
341021018,3410,歙县璜田营业所
341021019,3410,歙县富堨镇营业所
341021022,3410,歙县上丰营业所
341021024,3410,歙县长陔营业所
341021025,3410,黄山市永佳大道营业所
341021026,3410,黄山市徽州区潜口镇营业所
341022003,3410,休宁县东临溪镇营业所
341022004,3410,休宁县齐云山镇营业所
341022005,3410,休宁县溪口镇营业所
341022006,3410,休宁县五城镇营业所
341022008,3410,休宁县兰田镇营业所
341022009,3410,休宁县鹤城营业所
341022010,3410,休宁县渭桥营业所
341022011,3410,休宁县流口镇营业所
341022012,3410,休宁县城北营业所
341022013,3410,休宁县万安镇营业所
341022014,3410,休宁县新城营业所
341023001,3410,黟县北街营业所
341023003,3410,黟县宏村镇营业所
341023004,3410,黟县渔亭镇营业所
341023005,3410,黟县洪星营业所
341023006,3410,黟县西递镇营业所
341023007,3410,黟县马道路营业所
341024003,3410,祁门县平里镇营业所
341024004,3410,祁门县凫峰乡营业所
341024005,3410,祁门县闪里镇营业所
341024006,3410,祁门县历口镇营业所
341024007,3410,祁门县北门营业所
341024008,3410,祁门县安凌镇营业所
341024009,3410,祁门县新兴路营业所
341024010,3410,祁门县小路口镇营业所
341101003,3411,滁州市凤阳路营业所
341101004,3411,滁州市凤凰路营业所
341101005,3411,滁州市乌衣镇营业所
341101006,3411,滁州市沙河镇营业所
341101008,3411,滁州市南大桥营业所
341101010,3411,滁州市珠龙镇营业所
341101011,3411,滁州市章广镇营业所
341101012,3411,滁州市丰乐路营业所
341101013,3411,滁州市黄泥镇营业所
341101014,3411,滁州市施集镇营业所
341101018,3411,滁州市定远路营业所
341101019,3411,滁州市腰铺镇营业所
341122002,3411,来安县鼓楼营业所
341122003,3411,来安县开发区营业所
341122004,3411,来安县二里桥营业所
341122005,3411,来安县东门营业所
341122006,3411,来安县西门营业所
341122007,3411,来安县水口镇营业所
341122008,3411,来安县半塔镇支行
341122009,3411,来安县汊河镇营业所
341122011,3411,来安县大英镇营业所
341124002,3411,全椒县二郎口镇营业所
341124003,3411,全椒县新华路营业所
341124004,3411,全椒县儒林路营业所
341124005,3411,全椒县古河镇营业所
341124007,3411,全椒县小集营业所
341124008,3411,全椒县马厂镇营业所
341124009,3411,全椒县十字镇营业所
341124010,3411,全椒县石沛镇营业所
341124011,3411,全椒县城东营业所
341124012,3411,全椒县武岗镇营业所
341124013,3411,全椒县襄水西路营业所
341125002,3411,定远县定城镇营业所
341125003,3411,定远县定滁路营业所
341125004,3411,定远县南环路营业所
341125005,3411,定远县东大街营业所
341125006,3411,定远县炉桥镇营业所
341125008,3411,定远县池河镇营业所
341125009,3411,定远县张桥镇营业所
341125010,3411,定远县吴圩镇营业所
341125011,3411,定远县仓镇营业所
341125012,3411,定远县永康镇营业所
341125013,3411,定远县迎宾路营业所
341126002,3411,凤阳县中都营业所
341126003,3411,凤阳县刘府镇营业所
341126005,3411,凤阳县临淮关镇营业所
341126006,3411,凤阳县武店镇营业所
341126007,3411,凤阳县总铺镇营业所
341126008,3411,凤阳县李二庄营业所
341126009,3411,凤阳县大庙镇营业所
341126010,3411,凤阳县小溪河镇营业所
341126012,3411,凤阳县红心镇营业所
341181001,3411,天长市铜城营业所
341181002,3411,天长市汊涧镇营业所
341181003,3411,天长市南市区营业所
341181004,3411,天长市秦栏镇支行
341181005,3411,天长市杨村镇营业所
341181006,3411,天长市石梁镇营业所
341181008,3411,天长市大通镇营业所
341181009,3411,天长市北门营业所
341181010,3411,天长市关塘营业所
341181012,3411,天长市仁和镇营业所
341181013,3411,天长市新大楼营业所
341181014,3411,天长市东门营业所
341182002,3411,明光市三界镇营业所
341182003,3411,明光市涧溪镇营业所
341182004,3411,明光市张八岭镇营业所
341182005,3411,明光市管店镇营业所
341182006,3411,明光市石坝镇营业所
341182007,3411,明光市女山湖镇营业所
341182008,3411,明光市桥头镇营业所
341182009,3411,明光市古沛镇营业所
341182010,3411,明光市潘村镇新大街营业所
341182011,3411,明光市嘉山集营业所
341182013,3411,明光市四马路营业所
341182014,3411,明光市自来桥镇营业所
341182015,3411,明光市韩山路营业所
341182016,3411,明光市苏巷镇营业所
341201001,3412,阜阳市鼓楼营业所
341201002,3412,阜阳市三里营业所
341201003,3412,阜阳市颖上路营业所
341201004,3412,阜阳市三十铺营业所
341201005,3412,阜阳市马寨乡营业所
341201007,3412,阜阳市口孜镇营业所
341201008,3412,阜阳市乌江营业所
341201009,3412,阜阳市闸东营业所
341201011,3412,阜阳市文峰营业所
341201012,3412,阜阳市西苑营业所
341201013,3412,阜阳市西郊营业所
341201014,3412,阜阳市小隅首营业所
341201015,3412,阜阳市桂花苑营业所
341201016,3412,阜阳市清河营业所
341201017,3412,阜阳市泉北营业所
341201018,3412,阜阳市永昌营业所
341201019,3412,阜阳市客运南站营业所
341201020,3412,阜阳市北京路营业所
341201021,3412,阜阳市西湖镇营业所
341201023,3412,阜阳市伍明镇营业所
341201025,3412,阜阳市闻集镇营业所
341201026,3412,阜阳市行流镇营业所
341201027,3412,阜阳市苏集乡营业所
341201028,3412,阜阳市宁老庄镇营业所
341201030,3412,阜阳市王店镇营业所
341201031,3412,阜阳市程集镇营业所
341201032,3412,阜阳市袁寨镇营业所
341201033,3412,阜阳市姜堂营业所
341201034,3412,阜阳市苏屯乡营业所
341201035,3412,阜阳市港利营业所
341201037,3412,阜阳市皖西北商贸城营业所
341201038,3412,阜阳市开发区营业所
341201042,3412,阜阳市三塔集镇营业所
341221001,3412,临泉县长官镇营业所
341221002,3412,临泉县宋集镇营业所
341221003,3412,临泉县张集镇营业所
341221004,3412,临泉县艾亭镇营业所
341221005,3412,临泉县杨桥镇营业所
341221006,3412,临泉县老集镇营业所
341221007,3412,临泉县滑集镇营业所
341221008,3412,临泉县吕寨镇营业所
341221009,3412,临泉县迎仙镇营业所
341221010,3412,临泉县姜寨镇营业所
341221011,3412,临泉县黄岭镇营业所
341221012,3412,临泉县鲖城镇营业所
341221013,3412,临泉县鸿雁营业所
341221015,3412,临泉县邢塘营业所
341221016,3412,临泉县周桥营业所
341221017,3412,临泉县韦寨镇营业所
341221018,3412,临泉县庞营营业所
341221019,3412,临泉县瓦店镇营业所
341221020,3412,临泉县谭棚镇营业所
341221021,3412,临泉县白庙镇营业所
341221022,3412,临泉县高塘营业所
341221023,3412,临泉县花园营业所
341221024,3412,临泉县城南营业所
341221025,3412,临泉县鲖阳路营业所
341221026,3412,临泉县城北营业所
341221027,3412,临泉县关庙营业所
341221028,3412,临泉县东城营业所
341222001,3412,太和县镜湖营业所
341222002,3412,太和县南大街营业所
341222003,3412,太和县城北营业所
341222004,3412,太和县车站营业所
341222005,3412,太和县团结路营业所
341222006,3412,太和县沙河路营业所
341222007,3412,太和县李兴镇营业所
341222009,3412,太和县税镇镇营业所
341222010,3412,太和县原墙镇营业所
341222011,3412,太和县三塔镇营业所
341222012,3412,太和县苗集镇营业所
341222013,3412,太和县宫集镇营业所
341222014,3412,太和县坟台镇营业所
341222015,3412,太和县清浅镇营业所
341222016,3412,太和县三堂镇营业所
341222017,3412,太和县桑郢镇营业所
341222018,3412,太和县五星镇营业所
341222019,3412,太和县旧县营业所
341222020,3412,太和县高庙镇营业所
341222021,3412,太和县阮桥镇营业所
341222022,3412,太和县关集镇营业所
341222023,3412,太和县双浮镇营业所
341222024,3412,太和县洪山镇营业所
341222025,3412,太和县赵庙镇营业所
341222026,3412,太和县肖口镇营业所
341222027,3412,太和县大新镇营业所
341222028,3412,太和县皮条孙镇营业所
341222029,3412,太和县蔡庙镇营业所
341222030,3412,太和县宋集营业所
341222031,3412,太和县长春营业所
341222035,3412,太和县胡总营业所
341225001,3412,阜南县淮河东路营业所
341225002,3412,阜南县淮河西路营业所
341225003,3412,阜南县城郊营业所
341225004,3412,阜南县城北营业所
341225005,3412,阜南县焦阳路营业所
341225006,3412,阜南县黄岗镇营业所
341225008,3412,阜南县柴集镇营业所
341225009,3412,阜南县朱寨镇营业所
341225010,3412,阜南县三塔镇营业所
341225011,3412,阜南县焦陂镇营业所
341225012,3412,阜南县中岗镇营业所
341225013,3412,阜南县段郢乡营业所
341225014,3412,阜南县曹集镇营业所
341225015,3412,阜南县许堂乡营业所
341225016,3412,阜南县赵集镇营业所
341225017,3412,阜南县苗集镇营业所
341225018,3412,阜南县地城镇营业所
341225019,3412,阜南县于集营业所
341225020,3412,阜南县会龙营业所
341225021,3412,阜南县公桥营业所
341225023,3412,阜南县洪河桥镇营业所
341225027,3412,阜南县新村镇营业所
341226001,3412,颍上县青年营业所
341226002,3412,颍上县杨湖镇营业所
341226004,3412,颍上县城南营业所
341226005,3412,颍上县江口镇营业所
341226006,3412,颍上县半岗镇营业所
341226007,3412,颍上县润河镇营业所
341226008,3412,颍上县新集镇营业所
341226009,3412,颍上县陈桥镇营业所
341226011,3412,颍上县六十铺镇营业所
341226012,3412,颍上县盛堂乡营业所
341226013,3412,颍上县南照镇营业所
341226014,3412,颍上县红星镇营业所
341226015,3412,颍上县刘集镇营业所
341226016,3412,颍上县夏桥镇营业所
341226017,3412,颍上县十八铺镇营业所
341226018,3412,颍上县建颍乡营业所
341226019,3412,颍上县黄桥镇营业所
341226020,3412,颍上县耿棚镇营业所
341226021,3412,颍上县江店镇营业所
341226022,3412,颍上县王岗镇营业所
341226023,3412,颍上县营业大楼营业所
341226026,3412,颍上县管仲营业所
341282001,3412,界首市人民西路营业所
341282002,3412,界首市宝兰营业所
341282003,3412,界首市田营镇营业所
341282004,3412,界首市光武广场营业所
341282005,3412,界首市河南营业所
341282006,3412,界首市东城营业所
341282007,3412,界首市陶庙镇营业所
341282008,3412,界首市泉阳镇营业所
341282009,3412,界首市砖集镇营业所
341282010,3412,界首市张大桥营业所
341282011,3412,界首市王集镇营业所
341282013,3412,界首市光武镇营业所
341282014,3412,界首市顾集镇营业所
341282015,3412,界首市舒庄镇营业所
341282016,3412,界首市代桥镇营业所
341282019,3412,界首市中原路营业所
341301001,3413,宿州市沱河营业所
341301002,3413,宿州市汴河西路营业所
341301003,3413,宿州市东仙桥营业所
341301004,3413,宿州市淮海路营业所
341301005,3413,宿州市三八路营业所
341301006,3413,宿州市银河绿苑营业所
341301007,3413,宿州市道东营业所
341301009,3413,宿州市纺织路营业所
341301010,3413,宿州市桃园镇营业所
341301011,3413,宿州市怀远路营业所
341301012,3413,宿州市浍水东路营业所
341301013,3413,宿州市朱仙庄镇营业所
341301014,3413,宿州市时村一所营业所
341301015,3413,宿州市大店镇营业所
341301017,3413,宿州市时村二所营业所
341301020,3413,宿州市符离镇黄山路营业所
341301021,3413,宿州市符离镇中华路营业所
341301023,3413,宿州市褚兰镇营业所
341301025,3413,宿州市解集乡营业所
341301026,3413,宿州市灰古镇营业所
341301027,3413,宿州市大营镇营业所
341301028,3413,宿州市西寺坡镇营业所
341301029,3413,宿州市夹沟镇营业所
341301030,3413,宿州市永安镇营业所
341301032,3413,宿州市苗安乡营业所
341301034,3413,宿州市芦岭镇营业所
341301036,3413,宿州市浍水西路营业所
341301038,3413,宿州市支河营业所
341301039,3413,宿州市祁东新村营业所
341301040,3413,宿州市蒿沟营业所
341301041,3413,宿州市美庐花园营业所
341321001,3413,砀山县人民东路营业所
341321002,3413,砀山县葛集镇营业所
341321003,3413,砀山县园艺场营业所
341321004,3413,砀山县程庄镇营业所
341321005,3413,砀山县曹庄镇营业所
341321006,3413,砀山县良梨镇营业所
341321007,3413,砀山县唐寨镇营业所
341321008,3413,砀山县振兴营业所
341321009,3413,砀山县范庄营业所
341321010,3413,砀山县意发营业所
341321011,3413,砀山县关帝庙镇营业所
341321012,3413,砀山县周寨镇营业所
341321013,3413,砀山县刘集营业所
341321014,3413,砀山县官庄镇营业所
341321016,3413,砀山县小屯营业所
341321017,3413,砀山县果园场营业所
341321018,3413,砀山县玄庙镇营业所
341321019,3413,砀山县文庄营业所
341321020,3413,砀山县刘庄营业所
341321021,3413,砀山县朱楼镇营业所
341321022,3413,砀山县陈庄营业所
341321023,3413,砀山县东升路营业所
341322002,3413,萧县杨楼镇营业所
341322004,3413,萧县马井镇营业所
341322005,3413,萧县赵庄镇营业所
341322006,3413,萧县张庄寨镇营业所
341322007,3413,萧县王寨镇营业所
341322008,3413,萧县白土镇营业所
341322012,3413,萧县大庄营业所
341322013,3413,萧县朱庄营业所
341322014,3413,萧县大屯镇营业所
341322015,3413,萧县圣泉乡营业所
341322016,3413,萧县健康路营业所
341322017,3413,萧县刘套镇营业所
341322018,3413,萧县酒店乡营业所
341322019,3413,萧县城南营业所
341322020,3413,萧县青龙集镇营业所
341322021,3413,萧县国防路营业所
341322022,3413,萧县杜楼镇营业所
341322023,3413,萧县新庄镇营业所
341322024,3413,萧县庄里营业所
341322025,3413,萧县萧孙路营业所
341322026,3413,萧县招凤路营业所
341323002,3413,灵璧县灵西营业所
341323003,3413,灵璧县韦集镇营业所
341323004,3413,灵璧县黄湾镇营业所
341323005,3413,灵璧县娄庄镇营业所
341323006,3413,灵璧县杨疃镇营业所
341323008,3413,灵璧县尹集镇营业所
341323009,3413,灵璧县尤集镇营业所
341323010,3413,灵璧县夏楼镇营业所
341323011,3413,灵璧县九顶镇营业所
341323012,3413,灵璧县渔沟镇营业所
341323013,3413,灵璧县高楼镇营业所
341323014,3413,灵璧县浍沟镇营业所
341323016,3413,灵璧县向阳营业所
341323017,3413,灵璧县朱集乡营业所
341323018,3413,灵璧县大路乡营业所
341323019,3413,灵璧县大庙乡营业所
341323020,3413,灵璧县禅堂营业所
341324001,3413,泗县草沟镇营业所
341324003,3413,泗县黄圩镇营业所
341324004,3413,泗县屏山镇营业所
341324005,3413,泗县山头镇营业所
341324006,3413,泗县黑塔镇营业所
341324007,3413,泗县刘圩镇营业所
341324008,3413,泗县墩集镇营业所
341324009,3413,泗县丁湖镇营业所
341324010,3413,泗县南关营业所
341324011,3413,泗县长沟镇营业所
341324012,3413,泗县瓦坊营业所
341324015,3413,泗县杨集营业所
341501001,3415,六安市人民路营业所
341501002,3415,六安市三里桥营业所
341501003,3415,六安市七里站营业所
341501005,3415,六安市皋城路营业所
341501007,3415,六安市解放北路营业所
341501008,3415,六安市小东门营业所
341501011,3415,六安市新安镇营业所
341501012,3415,六安市徐集营业所
341501013,3415,六安市东河口镇营业所
341501014,3415,六安市丁集镇营业所
341501015,3415,六安市独山营业所
341501017,3415,六安市三十铺营业所
341501018,3415,六安市双河营业所
341501019,3415,六安市孙岗镇营业所
341501020,3415,六安市毛坦厂镇营业所
341501021,3415,六安市施桥镇营业所
341501022,3415,六安市椿树营业所
341501023,3415,六安市分路口营业所
341501024,3415,六安市固镇营业所
341501025,3415,六安市城南镇营业所
341501026,3415,六安市江店镇营业所
341501027,3415,六安市城东营业所
341501028,3415,六安市叶集城关营业所
341501029,3415,六安市龙河路营业所
341522001,3415,霍邱县西湖路营业所
341522002,3415,霍邱县光明路营业所
341522004,3415,霍邱县马店营业所
341522005,3415,霍邱县姚李镇营业所
341522006,3415,霍邱县长集镇营业所
341522007,3415,霍邱县新店镇营业所
341522008,3415,霍邱县潘集镇营业所
341522009,3415,霍邱县孟集镇营业所
341522010,3415,霍邱县高塘镇营业所
341522011,3415,霍邱县岔路镇营业所
341522012,3415,霍邱县河口营业所
341522013,3415,霍邱县户胡镇营业所
341522014,3415,霍邱县城南营业所
341522015,3415,霍邱县蓼城路营业所
341522016,3415,霍邱县石店镇营业所
341522018,3415,霍邱县洪集镇营业所
341523001,3415,舒城县春秋路营业所
341523003,3415,舒城县十字街营业所
341523004,3415,舒城县城西营业所
341523005,3415,舒城县干汊河营业所
341523006,3415,舒城县花桥路营业所
341523007,3415,舒城县柏林乡营业所
341523008,3415,舒城县桃溪营业所
341523009,3415,舒城县孔集营业所
341523010,3415,舒城县晓天镇营业所
341523011,3415,舒城县高峰乡营业所
341523012,3415,舒城县山七镇营业所
341523013,3415,舒城县南港营业所
341523014,3415,舒城县西衖营业所
341523015,3415,舒城县舒茶营业所
341523016,3415,舒城县春秋乡营业所
341523017,3415,舒城县千人桥营业所
341523018,3415,舒城县杭埠镇营业所
341523019,3415,舒城县百神庙营业所
341523020,3415,舒城县张母桥营业所
341523021,3415,舒城县棠树乡营业所
341523022,3415,舒城县万佛湖营业所
341523023,3415,舒城县阙店乡营业所
341523025,3415,舒城县汤池镇营业所
341523026,3415,舒城县河棚镇营业所
341523028,3415,舒城县马河营业所
341524001,3415,金寨县金江路营业所
341524003,3415,金寨县江店营业所
341524004,3415,金寨县青山营业所
341524006,3415,金寨县古碑镇营业所
341524007,3415,金寨县斑竹园营业所
341524008,3415,金寨县南溪镇营业所
341524009,3415,金寨县双河镇营业所
341524011,3415,金寨县白塔畈营业所
341524012,3415,金寨县金顾路营业所
341524014,3415,金寨县吴家店营业所
341524017,3415,金寨县汤家汇镇营业所
341524018,3415,金寨县关庙乡营业所
341524019,3415,金寨县天堂寨镇营业所
341525002,3415,霍山县古城营业所
341525003,3415,霍山县诸佛庵营业所
341525004,3415,霍山县落儿岭镇营业所
341525005,3415,霍山县迎驾厂营业所
341525006,3415,霍山县开发区营业所
341525007,3415,霍山县佛子岭营业所
341525008,3415,霍山县漫水河镇营业所
341525009,3415,霍山县磨子潭镇营业所
341525010,3415,霍山县大化坪营业所
341525011,3415,霍山县下符桥镇营业所
341525013,3415,霍山县绿色商城营业所
341525014,3415,霍山县上土市镇营业所
341525015,3415,霍山县西溪营业所
341525016,3415,霍山县文峰营业所
341601001,3416,亳州市北门口营业所
341601002,3416,亳州市凤河湾营业所
341601003,3416,亳州市花戏楼营业所
341601004,3416,亳州市南关营业所
341601005,3416,亳州市光明路营业所
341601006,3416,亳州市汤陵营业所
341601007,3416,亳州市辛集营业所
341601008,3416,亳州市金楼营业所
341601009,3416,亳州市刘庄营业所
341601010,3416,亳州市交易中心营业所
341601011,3416,亳州市刘元营业所
341601012,3416,亳州市五马营业所
341601013,3416,亳州市谯陵营业所
341601014,3416,亳州市魏武营业所
341601015,3416,亳州市新兴营业所
341601016,3416,亳州市民族营业所
341601018,3416,亳州市古井镇营业所
341601019,3416,亳州市十九里镇营业所
341601020,3416,亳州市十河镇营业所
341601022,3416,亳州市张集镇营业所
341601023,3416,亳州市魏岗镇营业所
341601024,3416,亳州市沙土镇营业所
341601025,3416,亳州市城父镇营业所
341601027,3416,亳州市古城镇营业所
341601028,3416,亳州市双沟镇营业所
341601029,3416,亳州市十八里镇营业所
341601030,3416,亳州市小奈营业所
341601031,3416,亳州市赵桥营业所
341601037,3416,亳州市交易中心营业所
341621002,3416,涡阳县青年营业所
341621003,3416,涡阳县东城营业所
341621004,3416,涡阳县雉河楼营业所
341621005,3416,涡阳县三星营业所
341621007,3416,涡阳县义门镇营业所
341621008,3416,涡阳县文昌营业所
341621009,3416,涡阳县城东营业所
341621010,3416,涡阳县健康营业所
341621011,3416,涡阳县店集镇营业所
341621012,3416,涡阳县双庙镇营业所
341621013,3416,涡阳县标里营业所
341621014,3416,涡阳县青町镇营业所
341621015,3416,涡阳县临湖镇营业所
341621016,3416,涡阳县新兴镇营业所
341621017,3416,涡阳县高炉镇营业所
341621018,3416,涡阳县绿缘营业所
341621019,3416,涡阳县鸿雁营业所
341621020,3416,涡阳县单集营业所
341621021,3416,涡阳县曹市镇营业所
341621022,3416,涡阳县牌坊镇营业所
341621023,3416,涡阳县丹城镇营业所
341621024,3416,涡阳县城西营业所
341621025,3416,涡阳县石弓镇营业所
341621026,3416,涡阳县龙山镇营业所
341621027,3416,涡阳县花沟镇营业所
341621028,3416,涡阳县西阳镇营业所
341621029,3416,涡阳县楚店镇营业所
341622001,3416,蒙城县新城营业所
341622002,3416,蒙城县鸿兴营业所
341622003,3416,蒙城县许疃镇营业所
341622004,3416,蒙城县辛集营业所
341622005,3416,蒙城县淮北路营业所
341622006,3416,蒙城县阜蚌路营业所
341622007,3416,蒙城县闸南营业所
341622008,3416,蒙城县双涧镇营业所
341622009,3416,蒙城县小涧镇营业所
341622010,3416,蒙城县板桥镇营业所
341622012,3416,蒙城县坛城镇营业所
341622013,3416,蒙城县立仓镇营业所
341622014,3416,蒙城县三义镇营业所
341622015,3416,蒙城县乐土镇营业所
341622016,3416,蒙城县楚村镇营业所
341622017,3416,蒙城县范集镇营业所
341622018,3416,蒙城县鸿利营业所
341622019,3416,蒙城县鸿运营业所
341622020,3416,蒙城县兴涧营业所
341622021,3416,蒙城县黄山营业所
341623001,3416,利辛县向阳营业所
341623002,3416,利辛县淝河路营业所
341623003,3416,利辛县人民中路营业所
341623005,3416,利辛县潘楼镇营业所
341623006,3416,利辛县张村镇营业所
341623008,3416,利辛县阚町镇营业所
341623009,3416,利辛县王市镇营业所
341623010,3416,利辛县展沟镇营业所
341623011,3416,利辛县巩店镇营业所
341623012,3416,利辛县王人镇营业所
341623013,3416,利辛县望疃镇营业所
341623014,3416,利辛县旧城镇营业所
341623015,3416,利辛县孙集镇营业所
341623016,3416,利辛县汝集镇营业所
341623017,3416,利辛县张集镇营业所
341623018,3416,利辛县永兴镇营业所
341623019,3416,利辛县大李集镇营业所
341623020,3416,利辛县马店镇营业所
341623021,3416,利辛县江集镇营业所
341623022,3416,利辛县中町镇营业所
341623023,3416,利辛县新桥营业所
341623024,3416,利辛县水厂营业所
341701002,3417,池州市观前营业所
341701005,3417,池州市潘桥营业所
341701007,3417,池州市百牙营业所
341701008,3417,池州市池口营业所
341701009,3417,池州市梅龙营业所
341701011,3417,池州市高岭营业所
341701012,3417,池州市牌楼镇营业所
341701013,3417,池州市马衙营业所
341701014,3417,池州市解放营业所
341701015,3417,池州市刘街营业所
341701016,3417,池州市墩上营业所
341701017,3417,池州市牛头山镇营业所
341701018,3417,池州市茅坦营业所
341701019,3417,池州市齐山营业所
341701020,3417,池州市梅村镇营业所
341701021,3417,池州市棠溪镇营业所
341701022,3417,池州市杏村营业所
341701023,3417,池州市高坦营业所
341701024,3417,池州市涓桥镇营业所
341701025,3417,池州市唐田镇营业所
341701026,3417,池州市翠微路营业所
341701027,3417,池州市九华山营业所
341701028,3417,池州市翠微苑营业所
341721002,3417,东至县张溪镇营业所
341721004,3417,东至县大渡口镇营业所
341721005,3417,东至县东流镇营业所
341721006,3417,东至县大渡口镇解放街营业所
341721007,3417,东至县官港镇营业所
341721008,3417,东至县昭潭镇营业所
341721009,3417,东至县东流镇菊江营业所
341721010,3417,东至县香隅镇营业所
341721011,3417,东至县洋湖镇营业所
341721012,3417,东至县泥溪镇营业所
341721013,3417,东至县花园营业所
341721014,3417,东至县木塔营业所
341721015,3417,东至县查桥营业所
341721016,3417,东至县龙泉镇营业所
341721017,3417,东至县利安营业所
341721018,3417,东至县西湖营业所
341721019,3417,东至县建设路营业所
341721020,3417,东至县葛公镇营业所
341721021,3417,东至县万寿巷营业所
341722002,3417,石台县鸿雁营业所
341722003,3417,石台县大演营业所
341722004,3417,石台县七都镇营业所
341722005,3417,石台县六都营业所
341722006,3417,石台县丁香镇营业所
341722007,3417,石台县小河镇营业所
341722008,3417,石台县占大营业所
341723001,3417,青阳县蓉城镇营业所
341723003,3417,青阳县木镇镇营业所
341723004,3417,青阳县庙前镇营业所
341723005,3417,青阳县杨田镇营业所
341723006,3417,青阳县乔木乡营业所
341723007,3417,青阳县酉华营业所
341723008,3417,青阳县杜村乡营业所
341723009,3417,青阳县竹阳营业所
341723010,3417,青阳县丁桥镇营业所
341723011,3417,青阳县庙前路营业所
341723013,3417,青阳县新河镇营业所
341801001,3418,宣城市水阳营业所
341801004,3418,宣城市周王营业所
341801005,3418,宣城市狸桥营业所
341801007,3418,宣城市双桥营业所
341801008,3418,宣城市杨柳营业所
341801009,3418,宣城市军天湖营业所
341801010,3418,宣城市孙埠镇营业所
341801011,3418,宣城市洪林镇营业所
341801013,3418,宣城市寒亭营业所
341801015,3418,宣城市九州营业所
341801016,3418,宣城市西林路营业所
341801017,3418,宣城市民族路营业所
341801018,3418,宣城市凤凰桥营业所
341821002,3418,郎溪县白茅岭营业所
341821004,3418,郎溪县梅渚营业所
341821005,3418,郎溪县东夏镇营业所
341821006,3418,郎溪县定埠营业所
341821007,3418,郎溪县中港路营业所
341821008,3418,郎溪县涛城镇营业所
341821009,3418,郎溪县凌笪营业所
341821010,3418,郎溪县新发营业所
341822002,3418,广德县商城营业所
341822003,3418,广德县卢村营业所
341822004,3418,广德县柏垫镇营业所
341822006,3418,广德县誓节营业所
341822007,3418,广德县邱村营业所
341822008,3418,广德县独山营业所
341822009,3418,广德县流洞营业所
341822010,3418,广德县花园营业所
341822011,3418,广德县新杭营业所
341822012,3418,广德县四合营业所
341823001,3418,泾县包合营业所
341823002,3418,泾县晏公营业所
341823003,3418,泾县厚岸营业所
341823005,3418,泾县蔡村营业所
341823006,3418,泾县云岭营业所
341823007,3418,泾县茂林镇营业所
341823008,3418,泾县榔桥营业所
341823009,3418,泾县章渡营业所
341823010,3418,泾县桃花潭镇营业所
341823011,3418,泾县琴溪营业所
341823012,3418,泾县孤峰营业所
341823013,3418,泾县丁家桥营业所
341823014,3418,泾县太平湖营业所
341823016,3418,泾县绿宝商业街营业所
341824002,3418,绩溪县西街营业所
341824004,3418,绩溪县长安镇营业所
341824005,3418,绩溪县扬溪营业所
341824006,3418,绩溪县金沙营业所
341824007,3418,绩溪县家朋乡营业所
341824008,3418,绩溪县伏岭镇营业所
341824009,3418,绩溪县瀛州营业所
341825002,3418,旌德县蔡家桥营业所
341825003,3418,旌德县三溪镇营业所
341825004,3418,旌德县俞村营业所
341825005,3418,旌德县和平路营业所
341825006,3418,旌德县白地镇营业所
341825007,3418,旌德县庙首镇营业所
341825008,3418,旌德县孙村营业所
341825012,3418,旌德县城西营业所
341881002,3418,宁国市港口镇营业所
341881003,3418,宁国市山门镇营业所
341881004,3418,宁国市梅林营业所
341881005,3418,宁国市方塘营业所
341881006,3418,宁国市仙霞营业所
341881007,3418,宁国市霞西营业所
341881008,3418,宁国市宁墩营业所
341881009,3418,宁国市胡乐营业所
341881010,3418,宁国市甲路营业所
341881011,3418,宁国市北园营业所
341881013,3418,宁国市河沥溪营业所
341881014,3418,宁国市汪溪营业所
341881015,3418,宁国市西津营业所
341881016,3418,宁国市东岸路营业所
